date,census_fips_code,retail_and_recreation_percent_change_from_baseline,grocery_and_pharmacy_percent_change_from_baseline,parks_percent_change_from_baseline,transit_stations_percent_change_from_baseline,workplaces_percent_change_from_baseline,residential_percent_change_from_baseline
2020-02-15,0.0,3195.0,300.0,3821.0,1722.0,315.0,-126.0
2020-02-16,0.0,2403.0,-1373.0,2438.0,1582.0,-721.0,1.0
2020-02-17,0.0,2459.0,1382.0,1855.0,1847.0,5409.0,-246.0
2020-02-18,0.0,1555.0,161.0,1049.0,600.0,-1141.0,421.0
2020-02-19,0.0,1745.0,856.0,963.0,330.0,-1401.0,258.0
2020-02-20,0.0,2414.0,874.0,2167.0,1013.0,-1081.0,65.0
2020-02-21,0.0,867.0,-295.0,-423.0,401.0,2626.0,345.0
2020-02-22,0.0,1658.0,276.0,1953.0,835.0,756.0,-29.0
2020-02-23,0.0,-2133.0,-3148.0,-5986.0,-260.0,-975.0,102.0
2020-02-24,0.0,686.0,1110.0,-572.0,1356.0,8001.0,-384.0
2020-02-25,0.0,464.0,877.0,112.0,861.0,1571.0,145.0
2020-02-26,0.0,-875.0,-611.0,-80.0,305.0,1282.0,88.0
2020-02-27,0.0,1223.0,1326.0,91.0,1031.0,1342.0,48.0
2020-02-28,0.0,998.0,1678.0,-316.0,1646.0,5551.0,-137.0
2020-02-29,0.0,1760.0,1451.0,813.0,457.0,1375.0,132.0
2020-03-01,0.0,1057.0,-750.0,3840.0,1527.0,199.0,45.0
2020-03-02,0.0,1284.0,1914.0,-839.0,1393.0,8540.0,-412.0
2020-03-03,0.0,503.0,313.0,-379.0,75.0,1811.0,153.0
2020-03-04,0.0,1343.0,2031.0,141.0,623.0,1559.0,44.0
2020-03-05,0.0,1966.0,2143.0,1969.0,1286.0,1892.0,-203.0
2020-03-06,0.0,1464.0,1619.0,-238.0,1444.0,5820.0,-194.0
2020-03-07,0.0,3191.0,3663.0,403.0,343.0,1461.0,80.0
2020-03-08,0.0,4888.0,447.0,4504.0,2160.0,876.0,-26.0
2020-03-09,0.0,1806.0,1748.0,558.0,1580.0,8601.0,-511.0
2020-03-10,0.0,2168.0,3511.0,1315.0,741.0,1895.0,-57.0
2020-03-11,0.0,2009.0,10952.0,189.0,220.0,752.0,-169.0
2020-03-12,0.0,-2769.0,7374.0,-1863.0,-4158.0,-6511.0,1916.0
2020-03-13,0.0,-7117.0,2093.0,-3910.0,-7140.0,-4640.0,2950.0
2020-03-14,0.0,-12615.0,-5053.0,-3745.0,-6836.0,-3813.0,1366.0
2020-03-15,0.0,-13724.0,-5334.0,-1907.0,-9703.0,-6791.0,532.0
2020-03-16,0.0,-11575.0,-6776.0,-2844.0,-10410.0,-8646.0,3957.0
2020-03-17,0.0,-13215.0,-9134.0,-312.0,-11277.0,-14342.0,4709.0
2020-03-18,0.0,-12604.0,-8116.0,150.0,-11013.0,-15022.0,4681.0
2020-03-19,0.0,-12946.0,-7847.0,-846.0,-11547.0,-15181.0,4796.0
2020-03-20,0.0,-14897.0,-8519.0,-4511.0,-13010.0,-12478.0,5161.0
2020-03-21,0.0,-16514.0,-10839.0,-6494.0,-12007.0,-8645.0,1723.0
2020-03-22,0.0,-14184.0,-5500.0,-7562.0,-12677.0,-8983.0,579.0
2020-03-23,0.0,-12210.0,-8010.0,-4984.0,-12525.0,-11373.0,4597.0
2020-03-24,0.0,-12507.0,-6971.0,-3905.0,-12645.0,-15863.0,5288.0
2020-03-25,0.0,-14371.0,-9938.0,-5769.0,-13382.0,-16702.0,5637.0
2020-03-26,0.0,-14465.0,-10300.0,-4892.0,-13328.0,-16846.0,5624.0
2020-03-27,0.0,-15460.0,-10162.0,-4509.0,-14132.0,-14077.0,5535.0
2020-03-28,0.0,-16416.0,-11637.0,-1191.0,-11511.0,-9259.0,1499.0
2020-03-29,0.0,-14010.0,-5673.0,-10654.0,-12117.0,-9775.0,647.0
2020-03-30,0.0,-13141.0,-10034.0,-6563.0,-13737.0,-12865.0,4983.0
2020-03-31,0.0,-12969.0,-8277.0,-6371.0,-13751.0,-16827.0,5613.0
2020-04-01,0.0,-14229.0,-12267.0,-6929.0,-14021.0,-17425.0,5654.0
2020-04-02,0.0,-14202.0,-11583.0,-6751.0,-14165.0,-17587.0,5625.0
2020-04-03,0.0,-15550.0,-11991.0,-8950.0,-14805.0,-14926.0,5820.0
2020-04-04,0.0,-18677.0,-15124.0,-8856.0,-12839.0,-10396.0,1730.0
2020-04-05,0.0,-13218.0,3283.0,-10110.0,-12201.0,-7303.0,624.0
2020-04-06,0.0,-12356.0,-11759.0,-5594.0,-13169.0,-13441.0,4751.0
2020-04-07,0.0,-12396.0,-9367.0,-4825.0,-13028.0,-17420.0,5249.0
2020-04-08,0.0,-12017.0,-7697.0,-4896.0,-12848.0,-17527.0,4977.0
2020-04-09,0.0,-10982.0,-5517.0,-5051.0,-12423.0,-18283.0,5036.0
2020-04-10,0.0,-12767.0,-5588.0,-6922.0,-13922.0,-19176.0,5590.0
2020-04-11,0.0,-20088.0,-20441.0,-8925.0,-12830.0,-17129.0,1407.0
2020-04-12,0.0,-13261.0,-6173.0,-10799.0,-11693.0,-11361.0,545.0
2020-04-13,0.0,-18717.0,-29666.0,-8021.0,-13343.0,-34150.0,1756.0
2020-04-14,0.0,-13831.0,-14811.0,-7076.0,-14182.0,-18617.0,5700.0
2020-04-15,0.0,-12720.0,-11016.0,-6643.0,-13367.0,-17107.0,5435.0
2020-04-16,0.0,-12875.0,-11133.0,-5237.0,-13294.0,-16570.0,5354.0
2020-04-17,0.0,-13638.0,-9877.0,-6519.0,-13765.0,-13477.0,5308.0
2020-04-18,0.0,-16436.0,-11701.0,-5793.0,-11369.0,-7104.0,1520.0
2020-04-19,0.0,-12843.0,-5130.0,-9263.0,-12487.0,-7318.0,585.0
2020-04-20,0.0,-8494.0,-7081.0,66.0,-11511.0,-10961.0,3957.0
2020-04-21,0.0,-9647.0,-7413.0,514.0,-11510.0,-14900.0,4614.0
2020-04-22,0.0,-9562.0,-7436.0,404.0,-11363.0,-14913.0,4402.0
2020-04-23,0.0,-9209.0,-5930.0,2233.0,-11060.0,-14695.0,4221.0
2020-04-24,0.0,-10232.0,-5651.0,752.0,-11639.0,-11832.0,4238.0
2020-04-25,0.0,-13768.0,-7631.0,-1323.0,-10132.0,-7106.0,1339.0
2020-04-26,0.0,-9344.0,6976.0,2738.0,-9554.0,-3747.0,391.0
2020-04-27,0.0,-7210.0,-7224.0,1891.0,-10113.0,-9279.0,3429.0
2020-04-28,0.0,-7904.0,-4853.0,2590.0,-9994.0,-13679.0,3927.0
2020-04-29,0.0,-7710.0,-2536.0,-1875.0,-10710.0,-14017.0,4210.0
2020-04-30,0.0,-3947.0,9712.0,1918.0,-8228.0,-14425.0,2963.0
2020-05-01,0.0,-22340.0,-30479.0,224.0,-15444.0,-30830.0,3273.0
2020-05-02,0.0,-11889.0,-3604.0,3801.0,-9220.0,-9346.0,998.0
2020-05-03,0.0,-11655.0,-4385.0,781.0,-9810.0,-5848.0,269.0
2020-05-04,0.0,-4310.0,-4000.0,106.0,-9388.0,-8216.0,3161.0
2020-05-05,0.0,-6448.0,-4551.0,-1955.0,-10566.0,-12778.0,4168.0
2020-05-06,0.0,-6574.0,-4086.0,-2088.0,-10557.0,-12816.0,4282.0
2020-05-07,0.0,-5826.0,-2527.0,1171.0,-9303.0,-12101.0,3747.0
2020-05-08,0.0,-5707.0,-234.0,3525.0,-8555.0,-8944.0,3180.0
2020-05-09,0.0,-6675.0,-892.0,7537.0,-4608.0,-2849.0,394.0
2020-05-10,0.0,-6958.0,-187.0,10147.0,-5232.0,-1777.0,81.0
2020-05-11,0.0,-4498.0,-3251.0,-1727.0,-9315.0,-6826.0,3169.0
2020-05-12,0.0,-5346.0,-2605.0,-1021.0,-9638.0,-11483.0,3907.0
2020-05-13,0.0,-5492.0,-2921.0,-267.0,-9319.0,-11382.0,3661.0
2020-05-14,0.0,-5114.0,-1820.0,-175.0,-9439.0,-11397.0,3694.0
2020-05-15,0.0,-5796.0,-370.0,596.0,-9003.0,-8292.0,3353.0
2020-05-16,0.0,-6511.0,-1092.0,5170.0,-5641.0,-2074.0,650.0
2020-05-17,0.0,-7662.0,-973.0,7578.0,-5881.0,-1090.0,172.0
2020-05-18,0.0,-1994.0,-2080.0,1626.0,-7683.0,-5205.0,2482.0
2020-05-19,0.0,-3296.0,-2244.0,1423.0,-8123.0,-10114.0,3162.0
2020-05-20,0.0,-1898.0,-634.0,3598.0,-7204.0,-10057.0,2782.0
2020-05-21,0.0,-1472.0,615.0,3424.0,-6823.0,-10219.0,2744.0
2020-05-22,0.0,-2521.0,1376.0,4219.0,-6973.0,-6910.0,2670.0
2020-05-23,0.0,-4363.0,68.0,3112.0,-5662.0,-793.0,633.0
2020-05-24,0.0,-6668.0,-2048.0,3456.0,-6452.0,-643.0,202.0
2020-05-25,0.0,-1140.0,512.0,-903.0,-7810.0,-4848.0,2546.0
2020-05-26,0.0,-761.0,2830.0,1272.0,-6590.0,-8340.0,2324.0
2020-05-27,0.0,-2064.0,-1371.0,4296.0,-6596.0,-8878.0,2482.0
2020-05-28,0.0,-2196.0,171.0,1746.0,-7158.0,-8879.0,2786.0
2020-05-29,0.0,-1983.0,1807.0,3501.0,-6598.0,-5783.0,2459.0
2020-05-30,0.0,-2615.0,655.0,3817.0,-4802.0,1033.0,497.0
2020-05-31,0.0,-5226.0,-1952.0,4107.0,-5816.0,861.0,165.0
2020-06-01,0.0,4336.0,2785.0,6075.0,-4008.0,-2783.0,1249.0
2020-06-02,0.0,-1450.0,-1127.0,3328.0,-6067.0,-7920.0,2288.0
2020-06-03,0.0,-769.0,-102.0,4642.0,-5721.0,-8080.0,2162.0
2020-06-04,0.0,-606.0,850.0,5213.0,-5261.0,-7720.0,1941.0
2020-06-05,0.0,-2713.0,1333.0,772.0,-6728.0,-5265.0,2523.0
2020-06-06,0.0,-1200.0,916.0,9106.0,-1888.0,2799.0,-22.0
2020-06-07,0.0,-1826.0,-74.0,9423.0,-3523.0,1955.0,20.0
2020-06-08,0.0,119.0,198.0,1676.0,-5783.0,-2772.0,1618.0
2020-06-09,0.0,864.0,2048.0,3654.0,-5098.0,-7828.0,1805.0
2020-06-10,0.0,5913.0,15161.0,5030.0,-2131.0,-8552.0,466.0
2020-06-11,0.0,-10707.0,-24493.0,11720.0,-8529.0,-29817.0,3092.0
2020-06-12,0.0,4741.0,7763.0,10979.0,-5580.0,-15171.0,2517.0
2020-06-13,0.0,576.0,1870.0,11117.0,-1658.0,1432.0,-204.0
2020-06-14,0.0,2123.0,625.0,12868.0,767.0,5065.0,-434.0
2020-06-15,0.0,2585.0,2681.0,5566.0,-3146.0,-2149.0,882.0
2020-06-16,0.0,1788.0,2402.0,5669.0,-3897.0,-7073.0,1426.0
2020-06-17,0.0,1220.0,2132.0,5212.0,-4483.0,-7591.0,1467.0
2020-06-18,0.0,751.0,2289.0,3760.0,-4687.0,-7691.0,1451.0
2020-06-19,0.0,107.0,2433.0,2758.0,-4699.0,-4994.0,1670.0
2020-06-20,0.0,-127.0,1206.0,4789.0,-2740.0,3123.0,119.0
2020-06-21,0.0,-1408.0,-1249.0,6827.0,-3213.0,4317.0,5.0
2020-06-22,0.0,1713.0,1699.0,2522.0,-4180.0,-3417.0,1196.0
2020-06-23,0.0,3184.0,4302.0,5636.0,-3303.0,-7876.0,1180.0
2020-06-24,0.0,1489.0,2000.0,3913.0,-4403.0,-7988.0,1626.0
2020-06-25,0.0,2477.0,3417.0,7487.0,-3078.0,-7600.0,1023.0
2020-06-26,0.0,2664.0,4128.0,7439.0,-1889.0,-5060.0,872.0
2020-06-27,0.0,593.0,1272.0,10052.0,-211.0,3248.0,-469.0
2020-06-28,0.0,11417.0,11899.0,13299.0,2171.0,10656.0,-741.0
2020-06-29,0.0,624.0,-473.0,2422.0,-3730.0,-3869.0,1226.0
2020-06-30,0.0,3760.0,3310.0,7886.0,-2190.0,-7714.0,787.0
2020-07-01,0.0,3526.0,3563.0,7912.0,-2289.0,-8190.0,599.0
2020-07-02,0.0,3087.0,4214.0,6717.0,-2890.0,-8496.0,937.0
2020-07-03,0.0,2474.0,4082.0,7115.0,-2748.0,-5360.0,857.0
2020-07-04,0.0,2484.0,3265.0,11646.0,1096.0,3124.0,-735.0
2020-07-05,0.0,4225.0,2203.0,15172.0,1699.0,4760.0,-564.0
2020-07-06,0.0,3450.0,2845.0,5140.0,-2315.0,-4604.0,575.0
2020-07-07,0.0,4057.0,3906.0,7507.0,-2543.0,-9408.0,1030.0
2020-07-08,0.0,3441.0,2912.0,5390.0,-3496.0,-9362.0,1140.0
2020-07-09,0.0,4018.0,3894.0,7061.0,-2604.0,-9262.0,932.0
2020-07-10,0.0,3233.0,4482.0,8303.0,-1810.0,-6162.0,651.0
2020-07-11,0.0,2669.0,3059.0,6039.0,-221.0,1427.0,-201.0
2020-07-12,0.0,6215.0,3878.0,13862.0,3498.0,6468.0,-525.0
2020-07-13,0.0,4504.0,3212.0,6436.0,-1463.0,-5417.0,585.0
2020-07-14,0.0,4735.0,4279.0,9082.0,-1922.0,-9990.0,610.0
2020-07-15,0.0,5220.0,5097.0,9167.0,-1704.0,-9802.0,640.0
2020-07-16,0.0,4422.0,5056.0,5735.0,-2831.0,-10206.0,1207.0
2020-07-17,0.0,4024.0,5002.0,8645.0,-1816.0,-6865.0,763.0
2020-07-18,0.0,3383.0,3677.0,11897.0,1990.0,1987.0,-710.0
2020-07-19,0.0,5267.0,1901.0,15489.0,2387.0,3683.0,-519.0
2020-07-20,0.0,4353.0,3537.0,6556.0,-1047.0,-5525.0,513.0
2020-07-21,0.0,5080.0,5076.0,8946.0,-1750.0,-10087.0,800.0
2020-07-22,0.0,5638.0,5302.0,10372.0,-1619.0,-10399.0,671.0
2020-07-23,0.0,5500.0,5454.0,8682.0,-1552.0,-10407.0,747.0
2020-07-24,0.0,4632.0,6534.0,10295.0,-852.0,-7327.0,559.0
2020-07-25,0.0,4139.0,5043.0,13013.0,3283.0,1484.0,-928.0
2020-07-26,0.0,5030.0,2041.0,14766.0,3029.0,3520.0,-580.0
2020-07-27,0.0,4895.0,4231.0,8411.0,-463.0,-6966.0,307.0
2020-07-28,0.0,4060.0,4972.0,9261.0,-1794.0,-11234.0,930.0
2020-07-29,0.0,5979.0,6351.0,9936.0,-1282.0,-11467.0,765.0
2020-07-30,0.0,5895.0,6417.0,9134.0,-968.0,-11416.0,604.0
2020-07-31,0.0,5086.0,6172.0,10244.0,-607.0,-8454.0,495.0
2020-08-01,0.0,3857.0,4421.0,12397.0,3626.0,331.0,-941.0
2020-08-02,0.0,5985.0,2414.0,14297.0,3560.0,2879.0,-640.0
2020-08-03,0.0,4300.0,3693.0,4177.0,-1263.0,-8067.0,875.0
2020-08-04,0.0,3424.0,4663.0,5399.0,-2974.0,-12554.0,1723.0
2020-08-05,0.0,5898.0,5880.0,8793.0,-1470.0,-11936.0,884.0
2020-08-06,0.0,5777.0,6037.0,10309.0,-798.0,-11938.0,533.0
2020-08-07,0.0,4342.0,6136.0,11457.0,-1042.0,-9162.0,263.0
2020-08-08,0.0,3122.0,5155.0,13134.0,2975.0,-184.0,-969.0
2020-08-09,0.0,4672.0,1660.0,13848.0,2626.0,2035.0,-625.0
2020-08-10,0.0,5923.0,5369.0,7616.0,-271.0,-7620.0,97.0
2020-08-11,0.0,5358.0,6637.0,9432.0,-1267.0,-11932.0,565.0
2020-08-12,0.0,6712.0,7306.0,10098.0,-926.0,-11853.0,396.0
2020-08-13,0.0,6648.0,9097.0,10181.0,-345.0,-11995.0,235.0
2020-08-14,0.0,8141.0,17683.0,11137.0,440.0,-12466.0,353.0
2020-08-15,0.0,-7611.0,-24459.0,13114.0,1002.0,-13079.0,-221.0
2020-08-16,0.0,6981.0,2777.0,15170.0,3681.0,2249.0,-742.0
2020-08-17,0.0,461.0,879.0,1078.0,-561.0,-5163.0,121.0
2020-08-18,0.0,102.0,170.0,722.0,-822.0,-7522.0,1043.0
2020-08-19,0.0,229.0,186.0,818.0,-920.0,-7603.0,885.0
2020-08-20,0.0,136.0,116.0,1361.0,-715.0,-7506.0,325.0
2020-08-21,0.0,-338.0,89.0,1385.0,-779.0,-5694.0,337.0
2020-08-22,0.0,-1111.0,-970.0,1248.0,-310.0,-250.0,-573.0
2020-08-23,0.0,120.0,-38.0,1974.0,-65.0,167.0,-455.0
2020-08-24,0.0,264.0,256.0,888.0,-607.0,-3717.0,199.0
2020-08-25,0.0,193.0,167.0,1056.0,-690.0,-6801.0,695.0
2020-08-26,0.0,109.0,-10.0,909.0,-835.0,-6761.0,923.0
2020-08-27,0.0,128.0,194.0,970.0,-820.0,-6777.0,956.0
2020-08-28,0.0,1.0,254.0,1490.0,-690.0,-4529.0,407.0
2020-08-29,0.0,-599.0,-897.0,1306.0,-232.0,-171.0,-406.0
2020-08-30,0.0,1290.0,1620.0,977.0,-37.0,450.0,-506.0
2020-08-31,0.0,316.0,-45.0,551.0,-624.0,-3259.0,588.0
2020-09-01,0.0,318.0,412.0,436.0,-450.0,-6703.0,1249.0
2020-09-02,0.0,-83.0,191.0,595.0,-456.0,-5708.0,244.0
2020-09-03,0.0,-64.0,140.0,1069.0,-369.0,-5494.0,-191.0
2020-09-04,0.0,-217.0,142.0,957.0,-302.0,-3176.0,-462.0
2020-09-05,0.0,-595.0,-568.0,1040.0,-411.0,-178.0,-323.0
2020-09-06,0.0,-122.0,-165.0,1291.0,-338.0,18.0,-174.0
2020-09-07,0.0,-7.0,179.0,607.0,-370.0,-2460.0,-457.0
2020-09-08,0.0,-94.0,83.0,893.0,-319.0,-5535.0,-171.0
2020-09-09,0.0,-38.0,136.0,1006.0,-369.0,-4797.0,-583.0
2020-09-10,0.0,92.0,476.0,988.0,-272.0,-4986.0,-1121.0
2020-09-11,0.0,5030.0,4779.0,8640.0,2566.0,-4167.0,-1913.0
2020-09-12,0.0,4613.0,2187.0,12697.0,2648.0,91.0,-1244.0
2020-09-13,0.0,7191.0,3967.0,15659.0,3664.0,1296.0,-652.0
2020-09-14,0.0,3626.0,3165.0,7523.0,1686.0,1199.0,-1726.0
2020-09-15,0.0,3351.0,3218.0,7964.0,1063.0,-4452.0,-1107.0
2020-09-16,0.0,3663.0,3177.0,8127.0,1012.0,-4798.0,-930.0
2020-09-17,0.0,3115.0,2783.0,5350.0,357.0,-5039.0,-620.0
2020-09-18,0.0,3621.0,3555.0,7449.0,1670.0,-1232.0,-833.0
2020-09-19,0.0,3936.0,1542.0,11638.0,1749.0,243.0,-585.0
2020-09-20,0.0,5911.0,3312.0,13478.0,2730.0,523.0,-375.0
2020-09-21,0.0,2964.0,2772.0,6016.0,1459.0,1304.0,-738.0
2020-09-22,0.0,2135.0,2649.0,6087.0,878.0,-3989.0,-150.0
2020-09-23,0.0,1852.0,3110.0,6033.0,617.0,-3318.0,-76.0
2020-09-24,0.0,1719.0,2999.0,5697.0,492.0,-3311.0,-105.0
2020-09-25,0.0,1141.0,3027.0,4258.0,849.0,238.0,57.0
2020-09-26,0.0,730.0,259.0,4636.0,-1111.0,-377.0,202.0
2020-09-27,0.0,-1899.0,-1130.0,2329.0,-1227.0,-1748.0,256.0
2020-09-28,0.0,1204.0,2090.0,2064.0,265.0,3502.0,0.0
2020-09-29,0.0,679.0,2174.0,2214.0,-406.0,-2701.0,551.0
2020-09-30,0.0,1870.0,2924.0,2126.0,-243.0,-3088.0,79.0
2020-10-01,0.0,371.0,2537.0,1031.0,-463.0,-2659.0,-24.0
2020-10-02,0.0,835.0,3073.0,3482.0,915.0,1054.0,-404.0
2020-10-03,0.0,1951.0,986.0,9575.0,1185.0,-726.0,-624.0
2020-10-04,0.0,806.0,-106.0,7105.0,1087.0,-2009.0,-108.0
2020-10-05,0.0,-9.0,1365.0,1910.0,509.0,2960.0,-652.0
2020-10-06,0.0,-9.0,2043.0,3327.0,-42.0,-3061.0,-137.0
2020-10-07,0.0,117.0,2200.0,3185.0,-519.0,-2719.0,114.0
2020-10-08,0.0,308.0,2739.0,2707.0,-603.0,-2760.0,479.0
2020-10-09,0.0,1031.0,3926.0,4240.0,147.0,1015.0,88.0
2020-10-10,0.0,-374.0,203.0,5640.0,-1482.0,-465.0,346.0
2020-10-11,0.0,-2834.0,-375.0,4121.0,-1488.0,-2095.0,417.0
2020-10-12,0.0,-738.0,1178.0,-384.0,-1637.0,2153.0,772.0
2020-10-13,0.0,-1745.0,722.0,-1011.0,-2728.0,-4001.0,1552.0
2020-10-14,0.0,-1446.0,467.0,-1634.0,-5218.0,-9602.0,2886.0
2020-10-15,0.0,-1556.0,1673.0,-166.0,-2171.0,-4036.0,1626.0
2020-10-16,0.0,-1614.0,2583.0,-805.0,-2447.0,-711.0,1723.0
2020-10-17,0.0,-3745.0,-1871.0,273.0,-4549.0,-2308.0,1357.0
2020-10-18,0.0,-7267.0,-2011.0,-355.0,-4611.0,-5189.0,916.0
2020-10-19,0.0,-2221.0,-201.0,-402.0,-4141.0,-1437.0,1868.0
2020-10-20,0.0,-2928.0,-165.0,988.0,-4523.0,-6897.0,2310.0
2020-10-21,0.0,-3006.0,219.0,51.0,-4838.0,-7009.0,2526.0
2020-10-22,0.0,-2501.0,1185.0,2967.0,-3889.0,-7118.0,2148.0
2020-10-23,0.0,-3043.0,2436.0,1499.0,-4212.0,-3926.0,2366.0
2020-10-24,0.0,-7227.0,-1540.0,3740.0,-4554.0,-2422.0,1408.0
2020-10-25,0.0,-7632.0,-342.0,7343.0,-3171.0,-5137.0,653.0
2020-10-26,0.0,-4339.0,-184.0,694.0,-5168.0,-5919.0,2734.0
2020-10-27,0.0,-5230.0,247.0,868.0,-5661.0,-11012.0,3400.0
2020-10-28,0.0,-4416.0,872.0,2106.0,-5488.0,-11113.0,3211.0
2020-10-29,0.0,-5351.0,830.0,-1218.0,-6516.0,-11227.0,3370.0
2020-10-30,0.0,-6336.0,2350.0,-1474.0,-6327.0,-8409.0,3185.0
2020-10-31,0.0,-8366.0,-2303.0,1099.0,-6267.0,-5125.0,1925.0
2020-11-01,0.0,-12597.0,-3970.0,1097.0,-7426.0,-10135.0,1157.0
2020-11-02,0.0,-6043.0,-3155.0,-2281.0,-7129.0,-8163.0,3625.0
2020-11-03,0.0,-6208.0,-1391.0,-530.0,-6891.0,-11789.0,3728.0
2020-11-04,0.0,-5530.0,-1178.0,-1975.0,-7909.0,-11749.0,4121.0
2020-11-05,0.0,-3880.0,165.0,-1308.0,-7387.0,-11449.0,3837.0
2020-11-06,0.0,-4750.0,345.0,-2251.0,-7791.0,-8220.0,3906.0
2020-11-07,0.0,-9637.0,-2791.0,1779.0,-6463.0,-3519.0,1920.0
2020-11-08,0.0,-9655.0,-1599.0,4234.0,-5558.0,-6428.0,909.0
2020-11-09,0.0,-6501.0,-1804.0,-2028.0,-7861.0,-7860.0,3829.0
2020-11-10,0.0,-3331.0,8178.0,-1282.0,-7067.0,-12570.0,3557.0
2020-11-11,0.0,-19457.0,-27513.0,1623.0,-13646.0,-31648.0,9911.0
2020-11-12,0.0,-5375.0,926.0,-1811.0,-7800.0,-12878.0,4412.0
2020-11-13,0.0,-7186.0,878.0,-1703.0,-8061.0,-9627.0,4577.0
2020-11-14,0.0,-7941.0,-1429.0,2008.0,-6302.0,-3044.0,1809.0
2020-11-15,0.0,-8597.0,-1082.0,6483.0,-4553.0,-6073.0,812.0
2020-11-16,0.0,-5870.0,-1958.0,-2274.0,-7429.0,-6998.0,3523.0
2020-11-17,0.0,-6441.0,-1654.0,-1106.0,-7680.0,-11640.0,4143.0
2020-11-18,0.0,-6251.0,-1195.0,-716.0,-7538.0,-11559.0,4061.0
2020-11-19,0.0,-6425.0,-1379.0,-1851.0,-7665.0,-11431.0,4120.0
2020-11-20,0.0,-7450.0,530.0,-2911.0,-7960.0,-8056.0,4055.0
2020-11-21,0.0,-8134.0,-1827.0,-431.0,-6536.0,-2880.0,1772.0
2020-11-22,0.0,-11454.0,-2740.0,-1894.0,-7090.0,-6693.0,1087.0
2020-11-23,0.0,-5893.0,-2465.0,-3075.0,-7776.0,-6546.0,3475.0
2020-11-24,0.0,-6102.0,-1827.0,-1499.0,-7637.0,-11110.0,4009.0
2020-11-25,0.0,-5251.0,-1312.0,-1715.0,-7879.0,-10955.0,3896.0
2020-11-26,0.0,-5519.0,-795.0,-2496.0,-7735.0,-10798.0,3883.0
2020-11-27,0.0,-5947.0,-32.0,-3402.0,-7780.0,-7372.0,3739.0
2020-11-28,0.0,-4556.0,-1190.0,-1148.0,-5735.0,-1514.0,1372.0
2020-11-29,0.0,-11072.0,-2693.0,-2927.0,-6861.0,-6234.0,1057.0
2020-11-30,0.0,-2366.0,-1034.0,-2848.0,-6742.0,-5407.0,2952.0
2020-12-01,0.0,-3519.0,-624.0,-2066.0,-6931.0,-10164.0,3627.0
2020-12-02,0.0,-3355.0,-430.0,-2956.0,-7357.0,-10057.0,3709.0
2020-12-03,0.0,-3414.0,175.0,-2676.0,-7052.0,-9961.0,3650.0
2020-12-04,0.0,-3929.0,1184.0,-2814.0,-6963.0,-6680.0,3523.0
2020-12-05,0.0,-3636.0,-262.0,1091.0,-4921.0,-1038.0,1286.0
2020-12-06,0.0,3416.0,12103.0,1328.0,-4309.0,-636.0,548.0
2020-12-07,0.0,-4165.0,-3287.0,-2694.0,-6854.0,-5336.0,2967.0
2020-12-08,0.0,-4506.0,-1694.0,-2382.0,-7310.0,-9578.0,3657.0
2020-12-09,0.0,-4032.0,-1129.0,-2643.0,-7448.0,-9818.0,3454.0
2020-12-10,0.0,-3654.0,45.0,-1998.0,-6676.0,-9794.0,3406.0
2020-12-11,0.0,-4581.0,357.0,-2689.0,-6575.0,-6432.0,3460.0
2020-12-12,0.0,-4615.0,-1213.0,-372.0,-4681.0,-890.0,1424.0
2020-12-13,0.0,3661.0,12176.0,-957.0,-4831.0,-764.0,700.0
2020-12-14,0.0,-2655.0,-1229.0,-1903.0,-6051.0,-4998.0,2688.0
2020-12-15,0.0,-2574.0,971.0,-1584.0,-5979.0,-9919.0,3215.0
2020-12-16,0.0,-1924.0,1990.0,-1347.0,-5831.0,-9661.0,3128.0
2020-12-17,0.0,-1448.0,3075.0,-1223.0,-5350.0,-9670.0,3014.0
2020-12-18,0.0,-2768.0,2401.0,-1629.0,-5235.0,-6256.0,3122.0
2020-12-19,0.0,-3077.0,457.0,-29.0,-3070.0,-895.0,1322.0
2020-12-20,0.0,6691.0,13655.0,149.0,-3402.0,802.0,626.0
2020-12-21,0.0,2312.0,5436.0,-1238.0,-4259.0,-6357.0,2509.0
2020-12-22,0.0,2667.0,9756.0,-1962.0,-4728.0,-12194.0,3127.0
2020-12-23,0.0,5952.0,16772.0,-410.0,-3714.0,-15449.0,3624.0
2020-12-24,0.0,-11195.0,-5941.0,-3513.0,-11610.0,-28717.0,7035.0
2020-12-25,0.0,-24527.0,-32026.0,-2065.0,-16114.0,-33106.0,9081.0
2020-12-26,0.0,-22976.0,-30884.0,1323.0,-10993.0,-22102.0,2817.0
2020-12-27,0.0,-11171.0,-3200.0,1959.0,-5086.0,-8912.0,808.0
2020-12-28,0.0,-3776.0,-1057.0,-796.0,-7281.0,-12715.0,4669.0
2020-12-29,0.0,-3868.0,2047.0,36.0,-7563.0,-15880.0,4840.0
2020-12-30,0.0,-1227.0,11366.0,213.0,-6479.0,-16061.0,4388.0
2020-12-31,0.0,-8311.0,7450.0,-591.0,-9998.0,-22510.0,6044.0
2021-01-01,0.0,-23891.0,-32872.0,-2058.0,-16328.0,-33598.0,9802.0
2021-01-02,0.0,-11274.0,-5799.0,1400.0,-8428.0,-11182.0,2724.0
2021-01-03,0.0,-11344.0,-3539.0,1.0,-6473.0,-6028.0,1212.0
2021-01-04,0.0,-4354.0,4.0,-1229.0,-7021.0,-7726.0,3589.0
2021-01-05,0.0,-3655.0,6667.0,-2424.0,-7537.0,-12710.0,3518.0
2021-01-06,0.0,-19613.0,-28433.0,785.0,-14119.0,-31749.0,10037.0
2021-01-07,0.0,-4410.0,1222.0,-1304.0,-7284.0,-11788.0,3850.0
2021-01-08,0.0,-5930.0,717.0,-1167.0,-7734.0,-8087.0,3965.0
2021-01-09,0.0,-7437.0,-1487.0,328.0,-6257.0,-2500.0,1748.0
2021-01-10,0.0,-10622.0,-1986.0,1965.0,-5866.0,-3166.0,911.0
2021-01-11,0.0,-3742.0,-400.0,-1314.0,-6338.0,-5103.0,2678.0
2021-01-12,0.0,-5449.0,-1604.0,-1156.0,-7140.0,-10282.0,3222.0
2021-01-13,0.0,-6014.0,-2213.0,-96.0,-7128.0,-10629.0,3103.0
2021-01-14,0.0,-6243.0,-1870.0,-313.0,-7315.0,-11058.0,2959.0
2021-01-15,0.0,-8322.0,-2833.0,-1735.0,-8086.0,-8408.0,3175.0
2021-01-16,0.0,-10025.0,-5157.0,184.0,-7396.0,-4290.0,1582.0
2021-01-17,0.0,-12281.0,-3465.0,1060.0,-6682.0,-4527.0,837.0
2021-01-18,0.0,-7038.0,-4103.0,-3220.0,-7764.0,-6336.0,3226.0
2021-01-19,0.0,-7665.0,-3892.0,-2501.0,-8266.0,-10679.0,3571.0
2021-01-20,0.0,-6371.0,-1780.0,-2522.0,-7834.0,-10135.0,3337.0
2021-01-21,0.0,-5706.0,-467.0,-1752.0,-7050.0,-9198.0,2671.0
2021-01-22,0.0,-7723.0,-1475.0,-2400.0,-7199.0,-5903.0,2929.0
2021-01-23,0.0,-8887.0,-3356.0,-2324.0,-6948.0,-2238.0,1509.0
2021-01-24,0.0,-11615.0,-3067.0,-2916.0,-7126.0,-3528.0,878.0
2021-01-25,0.0,-6751.0,-3709.0,-2971.0,-7388.0,-4934.0,2705.0
2021-01-26,0.0,-7140.0,-3688.0,-2442.0,-7935.0,-9956.0,3239.0
2021-01-27,0.0,-6810.0,-2974.0,-2342.0,-7617.0,-9668.0,3264.0
2021-01-28,0.0,-6658.0,-2020.0,-2398.0,-7483.0,-9400.0,3207.0
2021-01-29,0.0,-7448.0,-1311.0,-2914.0,-7059.0,-5702.0,3087.0
2021-01-30,0.0,-9110.0,-3946.0,-792.0,-6484.0,-2297.0,1619.0
2021-01-31,0.0,-4434.0,9179.0,3041.0,-5134.0,436.0,598.0
2021-02-01,0.0,-4567.0,-3317.0,-2753.0,-6418.0,-4525.0,2598.0
2021-02-02,0.0,-5500.0,-2361.0,-2530.0,-6830.0,-9341.0,2942.0
2021-02-03,0.0,-5493.0,-2705.0,-2915.0,-6928.0,-9345.0,2987.0
2021-02-04,0.0,-5858.0,-2521.0,-3021.0,-7006.0,-9492.0,2961.0
2021-02-05,0.0,-6384.0,162.0,-2838.0,-6652.0,-5773.0,2713.0
2021-02-06,0.0,-7119.0,-3067.0,-1143.0,-5778.0,-2177.0,1241.0
2021-02-07,0.0,-12063.0,-3580.0,-5888.0,-7509.0,-4941.0,1042.0
2021-02-08,0.0,-7379.0,-4761.0,-3885.0,-6226.0,-5791.0,3095.0
2021-02-09,0.0,-5858.0,-1422.0,-2731.0,-6264.0,-10103.0,3484.0
2021-02-10,0.0,-4641.0,376.0,-2711.0,-6281.0,-9606.0,3043.0
2021-02-11,0.0,-4521.0,-518.0,-3034.0,-5868.0,-9369.0,2964.0
2021-02-12,0.0,-6606.0,-469.0,-3734.0,-6130.0,-6559.0,3210.0
2021-02-13,0.0,-5939.0,-239.0,-563.0,-5111.0,-3226.0,1196.0
2021-02-14,0.0,-8233.0,-1642.0,2209.0,-4635.0,-3481.0,726.0
2021-02-15,0.0,-4515.0,-1117.0,-2148.0,-5620.0,-4711.0,2307.0
2021-02-16,0.0,-5397.0,-437.0,-2088.0,-6172.0,-9437.0,2821.0
2021-02-17,0.0,-6662.0,-2068.0,-3397.0,-6285.0,-9226.0,3029.0
2021-02-18,0.0,-5071.0,177.0,-1993.0,-5615.0,-9110.0,2748.0
2021-02-19,0.0,-6426.0,632.0,-2767.0,-5668.0,-5730.0,2791.0
2021-02-20,0.0,-5625.0,-186.0,2702.0,-3714.0,-1492.0,851.0
2021-02-21,0.0,-7201.0,414.0,7043.0,-2325.0,-2193.0,388.0
2021-02-22,0.0,-3178.0,405.0,257.0,-4451.0,-3476.0,1724.0
2021-02-23,0.0,-4175.0,179.0,268.0,-5158.0,-8644.0,2279.0
2021-02-24,0.0,-3088.0,1320.0,1872.0,-4424.0,-8357.0,2097.0
2021-02-25,0.0,-2200.0,2343.0,3025.0,-3667.0,-8208.0,1862.0
2021-02-26,0.0,-4350.0,2220.0,-316.0,-4351.0,-4773.0,2141.0
2021-02-27,0.0,-4386.0,733.0,1772.0,-3877.0,-662.0,739.0
2021-02-28,0.0,-8365.0,255.0,2140.0,-3398.0,-1947.0,522.0
2021-03-01,0.0,-3247.0,531.0,-1545.0,-5078.0,-3183.0,1748.0
2021-03-02,0.0,-3478.0,561.0,805.0,-5031.0,-8359.0,2077.0
2021-03-03,0.0,-2986.0,1346.0,1566.0,-4489.0,-8200.0,1969.0
2021-03-04,0.0,-3876.0,1281.0,-1655.0,-5173.0,-8296.0,2262.0
2021-03-05,0.0,-5252.0,1818.0,-2172.0,-5128.0,-4742.0,2326.0
2021-03-06,0.0,-4649.0,1296.0,1656.0,-4344.0,-756.0,795.0
2021-03-07,0.0,-9673.0,-770.0,-1947.0,-4874.0,-2712.0,687.0
2021-03-08,0.0,-881.0,5505.0,-1248.0,-4334.0,-3195.0,1523.0
2021-03-09,0.0,-3938.0,518.0,-934.0,-5753.0,-8668.0,2348.0
2021-03-10,0.0,-2298.0,2963.0,-123.0,-4869.0,-8311.0,2183.0
2021-03-11,0.0,-4477.0,1116.0,-3209.0,-5700.0,-8609.0,2665.0
2021-03-12,0.0,-4735.0,2456.0,-2246.0,-5143.0,-4967.0,2518.0
2021-03-13,0.0,-4663.0,750.0,417.0,-4361.0,-795.0,929.0
2021-03-14,0.0,-9509.0,-479.0,-793.0,-4753.0,-2564.0,769.0
2021-03-15,0.0,-3104.0,1418.0,-1069.0,-4791.0,-3203.0,1846.0
2021-03-16,0.0,-4150.0,974.0,-1165.0,-5604.0,-8560.0,2475.0
2021-03-17,0.0,-3628.0,1933.0,-1406.0,-5628.0,-8255.0,2511.0
2021-03-18,0.0,-2621.0,2628.0,-1176.0,-5114.0,-8187.0,2435.0
2021-03-19,0.0,-3864.0,3075.0,-2389.0,-5209.0,-4727.0,2490.0
2021-03-20,0.0,-7543.0,238.0,-427.0,-5513.0,-1165.0,1370.0
2021-03-21,0.0,-11176.0,-2153.0,-4167.0,-6488.0,-3682.0,1059.0
2021-03-22,0.0,-4630.0,814.0,-977.0,-5721.0,-4281.0,2429.0
2021-03-23,0.0,-5738.0,222.0,-1194.0,-6713.0,-9744.0,2915.0
2021-03-24,0.0,-4273.0,2157.0,-801.0,-6128.0,-9539.0,2894.0
2021-03-25,0.0,-2308.0,4076.0,1081.0,-5118.0,-9354.0,2544.0
2021-03-26,0.0,-2316.0,4542.0,2449.0,-4772.0,-5978.0,2426.0
2021-03-27,0.0,-8831.0,-996.0,2263.0,-4846.0,-1404.0,1376.0
2021-03-28,0.0,-4328.0,10505.0,3058.0,-4839.0,958.0,711.0
2021-03-29,0.0,-5880.0,-105.0,-1473.0,-6366.0,-6117.0,2894.0
2021-03-30,0.0,-4291.0,3228.0,3108.0,-5398.0,-10902.0,2866.0
2021-03-31,0.0,-3607.0,7378.0,6698.0,-3250.0,-10943.0,2019.0
2021-04-01,0.0,-2822.0,10843.0,2860.0,-3289.0,-12031.0,2428.0
2021-04-02,0.0,-4937.0,12784.0,1772.0,-5816.0,-13856.0,4581.0
2021-04-03,0.0,-14431.0,-7605.0,-955.0,-7979.0,-14258.0,2990.0
2021-04-04,0.0,-15760.0,-4207.0,2840.0,-9126.0,-5457.0,422.0
2021-04-05,0.0,-19826.0,-28824.0,-331.0,-12554.0,-32243.0,7897.0
2021-04-06,0.0,-7877.0,-2227.0,-858.0,-5022.0,-13446.0,3680.0
2021-04-07,0.0,-7737.0,-538.0,-1538.0,-6243.0,-11493.0,3684.0
2021-04-08,0.0,-6878.0,998.0,-1472.0,-6468.0,-10891.0,3735.0
2021-04-09,0.0,-5438.0,3711.0,1726.0,-5269.0,-6919.0,3040.0
2021-04-10,0.0,-5458.0,2249.0,5943.0,-2798.0,-1073.0,801.0
2021-04-11,0.0,-3140.0,2924.0,12122.0,-857.0,-1519.0,285.0
2021-04-12,0.0,-4435.0,1951.0,122.0,-5051.0,-5153.0,2238.0
2021-04-13,0.0,-5643.0,1956.0,-846.0,-6182.0,-10286.0,3256.0
2021-04-14,0.0,-5849.0,1874.0,-1849.0,-6403.0,-10415.0,3307.0
2021-04-15,0.0,-6175.0,1694.0,-3303.0,-6730.0,-10170.0,3561.0
2021-04-16,0.0,-6947.0,2310.0,-2925.0,-6607.0,-6468.0,3464.0
2021-04-17,0.0,-6496.0,1645.0,2168.0,-4544.0,-951.0,1196.0
2021-04-18,0.0,-7051.0,695.0,6410.0,-2949.0,-1526.0,664.0
2021-04-19,0.0,-3141.0,2623.0,2600.0,-3907.0,-3231.0,1555.0
2021-04-20,0.0,-2824.0,3867.0,3726.0,-3667.0,-8344.0,2004.0
2021-04-21,0.0,-2164.0,4567.0,3882.0,-3765.0,-8345.0,1910.0
2021-04-22,0.0,-3306.0,4302.0,949.0,-4634.0,-8087.0,2273.0
2021-04-23,0.0,-4359.0,4889.0,966.0,-4359.0,-4369.0,2270.0
2021-04-24,0.0,-4316.0,2721.0,6554.0,-2597.0,746.0,535.0
2021-04-25,0.0,-743.0,10907.0,5355.0,-2451.0,2239.0,350.0
2021-04-26,0.0,-2762.0,2054.0,1652.0,-3532.0,-2125.0,1481.0
2021-04-27,0.0,-2121.0,4344.0,3471.0,-3357.0,-7383.0,1693.0
2021-04-28,0.0,-585.0,6363.0,5148.0,-2459.0,-7258.0,1338.0
2021-04-29,0.0,-28.0,11269.0,3476.0,-2165.0,-7188.0,1259.0
2021-04-30,0.0,3731.0,21778.0,5193.0,121.0,-5079.0,621.0
2021-05-01,0.0,-17742.0,-24696.0,8941.0,-3687.0,-15098.0,1523.0
2021-05-02,0.0,-8456.0,578.0,-268.0,-6213.0,-6527.0,695.0
2021-05-03,0.0,-14553.0,-24777.0,5827.0,-8331.0,-30819.0,7271.0
2021-05-04,0.0,4509.0,11566.0,4138.0,-793.0,-9515.0,1274.0
2021-05-05,0.0,1747.0,7403.0,1985.0,-2380.0,-7130.0,1232.0
2021-05-06,0.0,1954.0,7788.0,3409.0,-1771.0,-6637.0,1131.0
2021-05-07,0.0,321.0,7825.0,1317.0,-2216.0,-2932.0,1451.0
2021-05-08,0.0,729.0,5429.0,7132.0,-675.0,2527.0,-12.0
2021-05-09,0.0,1096.0,6156.0,16977.0,2294.0,2224.0,-588.0
2021-05-10,0.0,3445.0,5911.0,7809.0,-47.0,-1177.0,-102.0
2021-05-11,0.0,4075.0,8674.0,8781.0,-137.0,-6246.0,284.0
2021-05-12,0.0,4087.0,9303.0,7710.0,-536.0,-6440.0,418.0
2021-05-13,0.0,4272.0,9700.0,4627.0,-519.0,-6333.0,747.0
2021-05-14,0.0,2722.0,9637.0,4526.0,-499.0,-3012.0,1016.0
2021-05-15,0.0,3916.0,6499.0,10319.0,1284.0,2371.0,-676.0
2021-05-16,0.0,-683.0,3183.0,8456.0,231.0,1072.0,-6.0
2021-05-17,0.0,2989.0,5822.0,3878.0,304.0,522.0,-189.0
2021-05-18,0.0,2144.0,6801.0,3145.0,-617.0,-5175.0,676.0
2021-05-19,0.0,3271.0,7745.0,4711.0,-621.0,-4883.0,423.0
2021-05-20,0.0,4173.0,9068.0,6188.0,-500.0,-4377.0,168.0
2021-05-21,0.0,3488.0,9703.0,7711.0,1131.0,-400.0,55.0
2021-05-22,0.0,2094.0,6079.0,7562.0,-24.0,2813.0,24.0
2021-05-23,0.0,508.0,3035.0,11228.0,687.0,1728.0,-33.0
2021-05-24,0.0,4845.0,7854.0,7109.0,1891.0,940.0,-399.0
2021-05-25,0.0,3908.0,9551.0,3169.0,-253.0,-5191.0,921.0
2021-05-26,0.0,6426.0,13466.0,6454.0,1231.0,-4617.0,-209.0
2021-05-27,0.0,5152.0,9014.0,6246.0,730.0,-4440.0,396.0
2021-05-28,0.0,5237.0,10005.0,6652.0,1508.0,88.0,139.0
2021-05-29,0.0,5090.0,6140.0,8775.0,1169.0,3563.0,-329.0
2021-05-30,0.0,4238.0,4263.0,11075.0,1863.0,1036.0,-219.0
2021-05-31,0.0,6966.0,9152.0,6813.0,2844.0,3209.0,-1035.0
2021-06-01,0.0,11126.0,14008.0,9138.0,3369.0,-3344.0,-707.0
2021-06-02,0.0,12331.0,25324.0,9104.0,5598.0,-4072.0,-2136.0
2021-06-03,0.0,-3665.0,-17705.0,14868.0,-1687.0,-31560.0,5030.0
2021-06-04,0.0,9921.0,14544.0,11843.0,44.0,-14986.0,2149.0
2021-06-05,0.0,5811.0,6758.0,13111.0,2221.0,-593.0,-890.0
2021-06-06,0.0,8377.0,6295.0,17346.0,6281.0,1362.0,-1344.0
2021-06-07,0.0,6385.0,9344.0,8271.0,3637.0,4741.0,-1270.0
2021-06-08,0.0,6481.0,11351.0,7989.0,2736.0,-888.0,-627.0
2021-06-09,0.0,8031.0,12573.0,8425.0,2718.0,-776.0,-782.0
2021-06-10,0.0,9191.0,12782.0,7693.0,3348.0,-22.0,-977.0
2021-06-11,0.0,8086.0,12717.0,8639.0,3727.0,4123.0,-1198.0
2021-06-12,0.0,5915.0,7033.0,9935.0,2263.0,3548.0,-730.0
2021-06-13,0.0,5025.0,4407.0,10233.0,2259.0,536.0,-300.0
2021-06-14,0.0,6180.0,8504.0,6881.0,3443.0,6335.0,-1247.0
2021-06-15,0.0,7147.0,11294.0,8198.0,2909.0,43.0,-718.0
2021-06-16,0.0,8294.0,11982.0,8486.0,3034.0,-634.0,-1027.0
2021-06-17,0.0,8348.0,12207.0,8923.0,2785.0,-1115.0,-1147.0
2021-06-18,0.0,7328.0,12174.0,10560.0,3019.0,2132.0,-1306.0
2021-06-19,0.0,4819.0,7462.0,11555.0,2948.0,1793.0,-1601.0
2021-06-20,0.0,5171.0,5405.0,15676.0,3756.0,-165.0,-1144.0
2021-06-21,0.0,6180.0,8756.0,7101.0,1881.0,3373.0,-999.0
2021-06-22,0.0,6394.0,10595.0,6538.0,748.0,-3030.0,-202.0
2021-06-23,0.0,7632.0,12676.0,6628.0,1133.0,-3016.0,-466.0
2021-06-24,0.0,7435.0,10562.0,6728.0,796.0,-3134.0,-235.0
2021-06-25,0.0,9167.0,11900.0,9216.0,3749.0,1379.0,-926.0
2021-06-26,0.0,5775.0,6122.0,11919.0,3808.0,2991.0,-1290.0
2021-06-27,0.0,13780.0,13928.0,15332.0,4988.0,4796.0,-1246.0
2021-06-28,0.0,6285.0,7050.0,8907.0,2366.0,-637.0,-889.0
2021-06-29,0.0,5972.0,9570.0,8761.0,621.0,-6454.0,-544.0
2021-06-30,0.0,7078.0,10266.0,7883.0,546.0,-6390.0,-471.0
2021-07-01,0.0,8113.0,11350.0,7457.0,1220.0,-6552.0,98.0
2021-07-02,0.0,6788.0,10728.0,8224.0,1334.0,-2906.0,155.0
2021-07-03,0.0,6060.0,7052.0,10393.0,3676.0,1261.0,-948.0
2021-07-04,0.0,7468.0,5367.0,15219.0,4816.0,-188.0,-880.0
2021-07-05,0.0,7821.0,8635.0,8466.0,2936.0,-1676.0,-617.0
2021-07-06,0.0,7955.0,11389.0,9658.0,1700.0,-7010.0,-236.0
2021-07-07,0.0,8069.0,11786.0,8958.0,1224.0,-7517.0,40.0
2021-07-08,0.0,8531.0,11843.0,8698.0,1561.0,-7337.0,-128.0
2021-07-09,0.0,7118.0,12363.0,8874.0,2215.0,-4182.0,-13.0
2021-07-10,0.0,8747.0,9488.0,13314.0,5488.0,1492.0,-1742.0
2021-07-11,0.0,8146.0,5809.0,16570.0,5661.0,-90.0,-1197.0
2021-07-12,0.0,8198.0,9344.0,8095.0,3381.0,-3424.0,-620.0
2021-07-13,0.0,8321.0,12566.0,10207.0,2485.0,-8259.0,-329.0
2021-07-14,0.0,8447.0,12468.0,9056.0,1596.0,-8374.0,-187.0
2021-07-15,0.0,9166.0,12974.0,9343.0,2270.0,-8266.0,-537.0
2021-07-16,0.0,8445.0,12627.0,10428.0,3269.0,-4920.0,-372.0
2021-07-17,0.0,7841.0,8893.0,12590.0,5609.0,983.0,-1604.0
2021-07-18,0.0,8669.0,5916.0,15312.0,6181.0,-313.0,-1171.0
2021-07-19,0.0,8695.0,10094.0,8881.0,4050.0,-3937.0,-727.0
2021-07-20,0.0,8757.0,13075.0,9531.0,2666.0,-8757.0,-28.0
2021-07-21,0.0,9640.0,13392.0,10228.0,2967.0,-8700.0,-153.0
2021-07-22,0.0,9842.0,13479.0,10366.0,2922.0,-8486.0,-312.0
2021-07-23,0.0,9383.0,13747.0,11733.0,4072.0,-5255.0,-431.0
2021-07-24,0.0,7942.0,9310.0,15013.0,6147.0,1132.0,-1966.0
2021-07-25,0.0,8344.0,6264.0,15835.0,6242.0,-14.0,-1248.0
2021-07-26,0.0,8142.0,9947.0,9281.0,4249.0,-4728.0,-495.0
2021-07-27,0.0,8715.0,12993.0,10538.0,2502.0,-9442.0,210.0
2021-07-28,0.0,9047.0,13597.0,10027.0,2389.0,-9456.0,174.0
2021-07-29,0.0,10519.0,14563.0,11721.0,3622.0,-9239.0,-256.0
2021-07-30,0.0,9475.0,13926.0,12562.0,4124.0,-5790.0,-376.0
2021-07-31,0.0,8710.0,9339.0,13110.0,6816.0,1014.0,-1705.0
2021-08-01,0.0,6572.0,5712.0,11648.0,5991.0,-1164.0,-775.0
2021-08-02,0.0,9114.0,10133.0,8225.0,4262.0,-5256.0,-95.0
2021-08-03,0.0,9642.0,13086.0,10425.0,3474.0,-9971.0,381.0
2021-08-04,0.0,10044.0,13709.0,9843.0,2554.0,-9941.0,423.0
2021-08-05,0.0,9388.0,12639.0,6981.0,1466.0,-10066.0,770.0
2021-08-06,0.0,8808.0,12341.0,8865.0,2511.0,-7059.0,903.0
2021-08-07,0.0,9531.0,9011.0,15022.0,6663.0,1161.0,-1718.0
2021-08-08,0.0,9776.0,7021.0,16533.0,6643.0,134.0,-1041.0
2021-08-09,0.0,10067.0,10571.0,10563.0,5439.0,-4216.0,-643.0
2021-08-10,0.0,10670.0,14732.0,10923.0,4086.0,-9177.0,107.0
2021-08-11,0.0,12011.0,15629.0,10933.0,4196.0,-9256.0,-43.0
2021-08-12,0.0,10809.0,16519.0,12122.0,4377.0,-9082.0,-393.0
2021-08-13,0.0,9478.0,16721.0,12001.0,4799.0,-6053.0,-457.0
2021-08-14,0.0,8294.0,11141.0,14816.0,6914.0,1169.0,-1996.0
2021-08-15,0.0,8432.0,6968.0,17150.0,7668.0,-36.0,-1522.0
2021-08-16,0.0,8125.0,10922.0,8674.0,4928.0,-3987.0,-466.0
2021-08-17,0.0,8775.0,14323.0,7793.0,2601.0,-9006.0,603.0
2021-08-18,0.0,9598.0,14462.0,9394.0,3389.0,-7894.0,280.0
2021-08-19,0.0,9531.0,14387.0,9543.0,3442.0,-7898.0,169.0
2021-08-20,0.0,8510.0,13500.0,10354.0,4169.0,-4707.0,99.0
2021-08-21,0.0,8112.0,9398.0,13757.0,6273.0,2145.0,-1631.0
2021-08-22,0.0,8287.0,9248.0,17875.0,6743.0,1728.0,-1212.0
2021-08-23,0.0,6977.0,9067.0,5846.0,2760.0,-2461.0,391.0
2021-08-24,0.0,7767.0,12266.0,5895.0,1536.0,-7346.0,898.0
2021-08-25,0.0,9743.0,13383.0,9001.0,3540.0,-6668.0,126.0
2021-08-26,0.0,8420.0,13058.0,5807.0,1761.0,-6897.0,730.0
2021-08-27,0.0,7832.0,12765.0,8162.0,2619.0,-3069.0,432.0
2021-08-28,0.0,7006.0,7636.0,11533.0,5146.0,3206.0,-993.0
2021-08-29,0.0,14291.0,14795.0,9573.0,4535.0,4547.0,-651.0
2021-08-30,0.0,6075.0,7598.0,3341.0,2376.0,-586.0,529.0
2021-08-31,0.0,7122.0,10997.0,2764.0,1199.0,-5880.0,1230.0
2021-09-01,0.0,10464.0,16263.0,6756.0,4558.0,-6239.0,217.0
2021-09-02,0.0,7329.0,13885.0,6981.0,4752.0,-4557.0,-849.0
2021-09-03,0.0,7246.0,13200.0,8817.0,5846.0,-455.0,-1274.0
2021-09-04,0.0,6848.0,8539.0,11712.0,4333.0,3344.0,-1017.0
2021-09-05,0.0,8063.0,11541.0,15161.0,5098.0,1739.0,-791.0
2021-09-06,0.0,5977.0,10313.0,6568.0,5173.0,1275.0,-1294.0
2021-09-07,0.0,6088.0,12640.0,7594.0,4248.0,-4233.0,-750.0
2021-09-08,0.0,6819.0,13731.0,7950.0,4346.0,-4168.0,-915.0
2021-09-09,0.0,7179.0,13829.0,8563.0,4715.0,-3978.0,-1079.0
2021-09-10,0.0,7988.0,14679.0,10403.0,6077.0,-250.0,-1406.0
2021-09-11,0.0,7451.0,9171.0,12437.0,4859.0,2436.0,-1232.0
2021-09-12,0.0,7136.0,11433.0,13913.0,5481.0,759.0,-678.0
2021-09-13,0.0,5552.0,10429.0,5946.0,4416.0,1867.0,-959.0
2021-09-14,0.0,5907.0,12758.0,6696.0,3844.0,-4172.0,-526.0
2021-09-15,0.0,6619.0,12968.0,7859.0,4234.0,-4088.0,-750.0
2021-09-16,0.0,5451.0,11936.0,5460.0,2988.0,-4405.0,-526.0
2021-09-17,0.0,5217.0,11916.0,4852.0,3313.0,-893.0,-349.0
2021-09-18,0.0,4279.0,6112.0,6320.0,1530.0,397.0,-74.0
2021-09-19,0.0,994.0,9727.0,6282.0,1976.0,-1822.0,44.0
2021-09-20,0.0,4178.0,8690.0,3524.0,2917.0,3354.0,-607.0
2021-09-21,0.0,4550.0,10206.0,4059.0,2214.0,-2108.0,-98.0
2021-09-22,0.0,5049.0,10757.0,4131.0,1973.0,-938.0,-50.0
2021-09-23,0.0,4980.0,10836.0,4642.0,2379.0,-836.0,-225.0
2021-09-24,0.0,5321.0,10941.0,5496.0,3582.0,2846.0,-473.0
2021-09-25,0.0,5065.0,6686.0,9812.0,3049.0,1832.0,-577.0
2021-09-26,0.0,6311.0,11181.0,14733.0,4827.0,163.0,-564.0
2021-09-27,0.0,4225.0,8253.0,5869.0,3733.0,5991.0,-982.0
2021-09-28,0.0,4314.0,9981.0,4976.0,2695.0,-881.0,-338.0
2021-09-29,0.0,4533.0,10200.0,4565.0,2213.0,-1375.0,-472.0
2021-09-30,0.0,5680.0,11102.0,3953.0,2702.0,-1035.0,-427.0
2021-10-01,0.0,4978.0,10838.0,5829.0,3936.0,2826.0,-749.0
2021-10-02,0.0,4949.0,6927.0,9921.0,2571.0,983.0,-651.0
2021-10-03,0.0,5604.0,11832.0,12729.0,4620.0,-1034.0,-455.0
2021-10-04,0.0,3498.0,7597.0,5579.0,3244.0,5335.0,-1105.0
2021-10-05,0.0,3769.0,9327.0,5529.0,2338.0,-1478.0,-451.0
2021-10-06,0.0,3335.0,9303.0,2448.0,1423.0,-1437.0,-188.0
2021-10-07,0.0,4237.0,10041.0,3977.0,2175.0,-1009.0,-491.0
2021-10-08,0.0,5393.0,11253.0,5275.0,3936.0,2919.0,-928.0
2021-10-09,0.0,5895.0,7131.0,8710.0,2247.0,993.0,-568.0
2021-10-10,0.0,3403.0,11419.0,10025.0,3693.0,-1716.0,-150.0
2021-10-11,0.0,3962.0,8096.0,3372.0,2644.0,5622.0,-833.0
2021-10-12,0.0,3839.0,9903.0,2525.0,1368.0,-1052.0,-76.0
2021-10-13,0.0,4789.0,10178.0,2380.0,1451.0,-1189.0,-291.0
2021-10-14,0.0,5060.0,9974.0,2857.0,513.0,-5160.0,372.0
2021-10-15,0.0,4082.0,9694.0,3602.0,2074.0,-360.0,53.0
2021-10-16,0.0,4234.0,5966.0,6820.0,1383.0,745.0,-196.0
2021-10-17,0.0,694.0,11554.0,5842.0,2610.0,-2252.0,97.0
2021-10-18,0.0,3228.0,7241.0,2035.0,2269.0,5561.0,-532.0
2021-10-19,0.0,3612.0,9125.0,3763.0,1701.0,-867.0,-167.0
2021-10-20,0.0,4136.0,10079.0,4582.0,2039.0,-933.0,-292.0
2021-10-21,0.0,2942.0,8929.0,2271.0,1887.0,-937.0,-186.0
2021-10-22,0.0,3329.0,9394.0,2450.0,2545.0,3039.0,-294.0
2021-10-23,0.0,3221.0,5526.0,3961.0,987.0,963.0,-11.0
2021-10-24,0.0,1418.0,11762.0,7454.0,2351.0,-1768.0,117.0
2021-10-25,0.0,3035.0,7372.0,2984.0,2328.0,5957.0,-573.0
2021-10-26,0.0,3595.0,9851.0,2867.0,1489.0,-647.0,-29.0
2021-10-27,0.0,4380.0,11001.0,3097.0,1806.0,-760.0,-135.0
2021-10-28,0.0,5140.0,12789.0,4278.0,2723.0,-626.0,-483.0
2021-10-29,0.0,5577.0,14286.0,4732.0,4580.0,3075.0,-559.0
2021-10-30,0.0,6358.0,12356.0,7457.0,3810.0,-323.0,-487.0
2021-10-31,0.0,3520.0,12850.0,9413.0,3336.0,-5134.0,-470.0
2021-11-01,0.0,-15225.0,-19384.0,5250.0,-4643.0,-32471.0,5821.0
2021-11-02,0.0,2188.0,11029.0,-271.0,2600.0,-2510.0,668.0
2021-11-03,0.0,3055.0,10186.0,1929.0,1865.0,-547.0,237.0
2021-11-04,0.0,2110.0,8759.0,326.0,702.0,-565.0,483.0
2021-11-05,0.0,1653.0,8738.0,734.0,1004.0,3809.0,428.0
2021-11-06,0.0,2220.0,5801.0,3819.0,141.0,2511.0,343.0
2021-11-07,0.0,-2483.0,10929.0,420.0,-1029.0,-2719.0,625.0
2021-11-08,0.0,1715.0,6128.0,-42.0,946.0,5830.0,27.0
2021-11-09,0.0,3379.0,9960.0,1342.0,844.0,-782.0,295.0
2021-11-10,0.0,9170.0,22513.0,2916.0,4026.0,-1700.0,-1188.0
2021-11-11,0.0,-13599.0,-22143.0,7687.0,-6264.0,-31553.0,7820.0
2021-11-12,0.0,6441.0,12259.0,4129.0,-2043.0,-12779.0,3158.0
2021-11-13,0.0,2693.0,4577.0,5381.0,-333.0,-2169.0,579.0
2021-11-14,0.0,-1308.0,11161.0,1861.0,2273.0,-3787.0,323.0
2021-11-15,0.0,1929.0,7005.0,114.0,1677.0,5377.0,-26.0
2021-11-16,0.0,2131.0,8363.0,1076.0,684.0,-1088.0,512.0
2021-11-17,0.0,2279.0,8652.0,649.0,206.0,-1282.0,593.0
2021-11-18,0.0,2027.0,8701.0,509.0,-69.0,-1171.0,573.0
2021-11-19,0.0,1152.0,8039.0,-565.0,450.0,2684.0,800.0
2021-11-20,0.0,1465.0,4993.0,2211.0,-589.0,1388.0,520.0
2021-11-21,0.0,-2605.0,11133.0,1433.0,-729.0,-3315.0,539.0
2021-11-22,0.0,1368.0,5779.0,-233.0,615.0,5211.0,253.0
2021-11-23,0.0,1625.0,7182.0,197.0,-407.0,-1504.0,805.0
2021-11-24,0.0,3144.0,8128.0,415.0,-256.0,-1691.0,754.0
2021-11-25,0.0,3027.0,8625.0,715.0,-354.0,-1771.0,722.0
2021-11-26,0.0,3273.0,8689.0,-632.0,229.0,2216.0,692.0
2021-11-27,0.0,2672.0,4815.0,1152.0,-960.0,887.0,449.0
2021-11-28,0.0,-3297.0,11479.0,-1524.0,-1213.0,-3976.0,592.0
2021-11-29,0.0,2006.0,5484.0,-1356.0,87.0,4628.0,534.0
2021-11-30,0.0,1762.0,7064.0,-1153.0,-594.0,-1677.0,971.0
2021-12-01,0.0,2660.0,8399.0,-708.0,-603.0,-1933.0,1023.0
2021-12-02,0.0,2613.0,8555.0,-282.0,-800.0,-1893.0,976.0
2021-12-03,0.0,2688.0,8551.0,-263.0,4.0,2187.0,939.0
2021-12-04,0.0,3274.0,5910.0,1896.0,-641.0,495.0,587.0
2021-12-05,0.0,-2607.0,11976.0,1160.0,-999.0,-3473.0,632.0
2021-12-06,0.0,3344.0,6867.0,-43.0,287.0,4899.0,316.0
2021-12-07,0.0,1694.0,7362.0,-73.0,-709.0,-821.0,1088.0
2021-12-08,0.0,2304.0,7806.0,-796.0,-1235.0,-530.0,1197.0
2021-12-09,0.0,2437.0,8656.0,-323.0,-975.0,-153.0,1093.0
2021-12-10,0.0,2289.0,8687.0,338.0,495.0,3992.0,1060.0
2021-12-11,0.0,2688.0,5322.0,2879.0,-281.0,2431.0,744.0
2021-12-12,0.0,9121.0,15018.0,2168.0,-355.0,1519.0,461.0
2021-12-13,0.0,2496.0,6786.0,-431.0,192.0,6873.0,554.0
2021-12-14,0.0,3355.0,9817.0,35.0,-217.0,192.0,959.0
2021-12-15,0.0,4414.0,10995.0,206.0,-128.0,85.0,807.0
2021-12-16,0.0,4793.0,11516.0,508.0,-194.0,180.0,665.0
2021-12-17,0.0,3868.0,9270.0,467.0,539.0,4529.0,793.0
2021-12-18,0.0,3439.0,6083.0,2157.0,527.0,2854.0,745.0
2021-12-19,0.0,11579.0,15756.0,-537.0,-477.0,3128.0,490.0
2021-12-20,0.0,5568.0,9414.0,-423.0,-880.0,540.0,1275.0
2021-12-21,0.0,7914.0,15587.0,601.0,-521.0,-5575.0,1780.0
2021-12-22,0.0,10413.0,20696.0,816.0,680.0,-6794.0,1695.0
2021-12-23,0.0,13161.0,25986.0,767.0,1273.0,-11807.0,2739.0
2021-12-24,0.0,-11540.0,-2469.0,-3230.0,-8892.0,-27868.0,7290.0
2021-12-25,0.0,-23949.0,-29786.0,1057.0,-8722.0,-24858.0,2251.0
2021-12-26,0.0,-11867.0,-1232.0,2318.0,-2642.0,-12514.0,330.0
2021-12-27,0.0,2478.0,1318.0,963.0,-1385.0,-10736.0,4011.0
2021-12-28,0.0,4747.0,7024.0,1761.0,-1659.0,-11590.0,3692.0
2021-12-29,0.0,6203.0,11731.0,2308.0,-1369.0,-11307.0,3384.0
2021-12-30,0.0,8667.0,20857.0,2540.0,-480.0,-12017.0,2973.0
2021-12-31,0.0,-4770.0,13092.0,1807.0,-6125.0,-18529.0,5646.0
2022-01-01,0.0,-21657.0,-29967.0,1173.0,-8890.0,-25458.0,2860.0
2022-01-02,0.0,-3010.0,9528.0,3406.0,-203.0,-5919.0,687.0
2022-01-03,0.0,159.0,5988.0,-856.0,-2509.0,-1603.0,2719.0
2022-01-04,0.0,1093.0,8669.0,-256.0,-2882.0,-6341.0,2910.0
2022-01-05,0.0,5560.0,19420.0,163.0,-2022.0,-6831.0,1834.0
2022-01-06,0.0,-16312.0,-24676.0,2022.0,-10219.0,-32209.0,9421.0
2022-01-07,0.0,3655.0,10922.0,2428.0,-4760.0,-15762.0,5103.0
2022-01-08,0.0,-649.0,3075.0,2458.0,-2343.0,-2472.0,1451.0
2022-01-09,0.0,-2073.0,10564.0,3204.0,169.0,-1632.0,588.0
2022-01-10,0.0,1075.0,6896.0,-643.0,199.0,7690.0,557.0
2022-01-11,0.0,764.0,8138.0,-316.0,-1132.0,485.0,1196.0
2022-01-12,0.0,672.0,7773.0,-709.0,-1147.0,884.0,1197.0
2022-01-13,0.0,166.0,7375.0,-568.0,-1321.0,1004.0,1216.0
2022-01-14,0.0,-708.0,6857.0,-1490.0,-967.0,5207.0,1263.0
2022-01-15,0.0,-391.0,3509.0,2251.0,-1740.0,1622.0,847.0
2022-01-16,0.0,-2845.0,10713.0,885.0,-2041.0,-1649.0,624.0
2022-01-17,0.0,-1392.0,3511.0,-1504.0,-1254.0,4507.0,1051.0
2022-01-18,0.0,-31.0,6784.0,396.0,-1585.0,-1581.0,1411.0
2022-01-19,0.0,913.0,7828.0,326.0,-1578.0,-1903.0,1451.0
2022-01-20,0.0,-917.0,6345.0,-1048.0,-1990.0,-2300.0,1839.0
2022-01-21,0.0,-1082.0,7778.0,-1441.0,-1774.0,1365.0,1818.0
2022-01-22,0.0,-2240.0,2770.0,787.0,-2135.0,721.0,1032.0
2022-01-23,0.0,-4310.0,10905.0,-64.0,-2493.0,-2536.0,685.0
2022-01-24,0.0,-810.0,4693.0,-738.0,-2072.0,1671.0,1717.0
2022-01-25,0.0,-1029.0,5893.0,-648.0,-2719.0,-4612.0,2418.0
2022-01-26,0.0,-825.0,5965.0,-1022.0,-2940.0,-5133.0,2435.0
2022-01-27,0.0,-1730.0,4985.0,-1343.0,-3973.0,-6551.0,2861.0
2022-01-28,0.0,-2414.0,4598.0,-2484.0,-3926.0,-3135.0,3096.0
2022-01-29,0.0,-2922.0,1561.0,-1675.0,-3050.0,-243.0,1409.0
2022-01-30,0.0,-492.0,10760.0,-4056.0,-3858.0,-1007.0,756.0
2022-01-31,0.0,-1074.0,3839.0,-248.0,-2841.0,-648.0,1857.0
2022-02-01,0.0,-1117.0,5545.0,-780.0,-3407.0,-6167.0,2589.0
2022-02-02,0.0,-771.0,5785.0,-954.0,-3808.0,-6247.0,2770.0
2022-02-03,0.0,100.0,6652.0,568.0,-3329.0,-5954.0,2532.0
2022-02-04,0.0,-552.0,6704.0,-514.0,-2937.0,-2229.0,2641.0
2022-02-05,0.0,-718.0,4244.0,448.0,-2159.0,166.0,1092.0
2022-02-06,0.0,-4759.0,3249.0,-2683.0,-3035.0,-4682.0,784.0
2022-02-07,0.0,-230.0,5413.0,-814.0,-2826.0,335.0,1861.0
2022-02-08,0.0,-250.0,5656.0,-494.0,-3239.0,-5565.0,2454.0
2022-02-09,0.0,1629.0,7484.0,556.0,-2671.0,-5490.0,2225.0
2022-02-10,0.0,3050.0,8812.0,1970.0,-1945.0,-5261.0,1930.0
2022-02-11,0.0,1836.0,8063.0,-410.0,-1497.0,-1291.0,2062.0
2022-02-12,0.0,3436.0,6120.0,5348.0,346.0,1272.0,360.0
2022-02-13,0.0,2359.0,5373.0,7715.0,962.0,-2659.0,221.0
2022-02-14,0.0,6523.0,10474.0,3475.0,21.0,1104.0,726.0
2022-02-15,0.0,2161.0,7650.0,2702.0,-1219.0,-4698.0,1542.0
2022-02-16,0.0,2419.0,7792.0,1226.0,-1440.0,-4587.0,1686.0
2022-02-17,0.0,152.0,5397.0,-638.0,-2763.0,-4889.0,1984.0
2022-02-18,0.0,2023.0,8972.0,1232.0,-1132.0,-563.0,1548.0
2022-02-19,0.0,-2057.0,1847.0,-14.0,-1826.0,-79.0,487.0
2022-02-20,0.0,-2034.0,3286.0,1133.0,-313.0,-2402.0,403.0
2022-02-21,0.0,1627.0,6714.0,13.0,-254.0,3989.0,555.0
2022-02-22,0.0,1709.0,7801.0,1232.0,-731.0,-1683.0,969.0
2022-02-23,0.0,2053.0,8099.0,946.0,-901.0,-1549.0,1118.0
2022-02-24,0.0,3231.0,10110.0,3702.0,786.0,-831.0,345.0
2022-02-25,0.0,686.0,9205.0,1159.0,437.0,2881.0,1014.0
2022-02-26,0.0,760.0,5566.0,3132.0,557.0,3257.0,492.0
2022-02-27,0.0,-1450.0,4247.0,3967.0,1685.0,-261.0,342.0
2022-02-28,0.0,1504.0,8104.0,974.0,2110.0,8307.0,55.0
2022-03-01,0.0,1523.0,9578.0,2005.0,1806.0,1427.0,553.0
2022-03-02,0.0,612.0,8356.0,1788.0,1145.0,1463.0,630.0
2022-03-03,0.0,1599.0,9151.0,1426.0,1356.0,1794.0,617.0
2022-03-04,0.0,636.0,9070.0,300.0,1940.0,6453.0,837.0
2022-03-05,0.0,1458.0,6093.0,2137.0,983.0,3406.0,744.0
2022-03-06,0.0,-2474.0,3558.0,1278.0,1158.0,104.0,549.0
2022-03-07,0.0,1897.0,8941.0,1103.0,2550.0,8989.0,295.0
2022-03-08,0.0,4834.0,13707.0,2394.0,2878.0,2319.0,558.0
2022-03-09,0.0,1745.0,8718.0,1851.0,1958.0,2286.0,1044.0
2022-03-10,0.0,2923.0,10368.0,1868.0,2179.0,2813.0,972.0
2022-03-11,0.0,1919.0,9400.0,2264.0,2744.0,7142.0,1141.0
2022-03-12,0.0,2888.0,7153.0,5497.0,2843.0,3859.0,697.0
2022-03-13,0.0,1273.0,5753.0,8319.0,3828.0,671.0,286.0
2022-03-14,0.0,2151.0,7851.0,3099.0,3294.0,10091.0,536.0
2022-03-15,0.0,2101.0,9013.0,3209.0,2733.0,2847.0,1081.0
2022-03-16,0.0,2544.0,9659.0,2419.0,2017.0,2816.0,1089.0
2022-03-17,0.0,2603.0,9780.0,2844.0,2203.0,3028.0,996.0
2022-03-18,0.0,2297.0,10268.0,3756.0,3188.0,7271.0,938.0
2022-03-19,0.0,3244.0,7407.0,6035.0,2536.0,3689.0,558.0
2022-03-20,0.0,2065.0,6277.0,10006.0,3505.0,-9.0,233.0
2022-03-21,0.0,3360.0,8348.0,4142.0,3321.0,8940.0,481.0
2022-03-22,0.0,2750.0,9604.0,4883.0,2593.0,3157.0,836.0
2022-03-23,0.0,3633.0,10235.0,5566.0,2743.0,3084.0,665.0
2022-03-24,0.0,3402.0,10592.0,4532.0,2615.0,3279.0,658.0
2022-03-25,0.0,3042.0,10656.0,5662.0,3499.0,7423.0,684.0
2022-03-26,0.0,2533.0,7344.0,5932.0,2375.0,3374.0,583.0
2022-03-27,0.0,2430.0,5844.0,9158.0,3579.0,94.0,183.0
2022-03-28,0.0,2845.0,8385.0,4483.0,3246.0,10770.0,130.0
2022-03-29,0.0,2174.0,9584.0,2504.0,2030.0,3273.0,959.0
2022-03-30,0.0,2376.0,9615.0,1810.0,1743.0,3348.0,984.0
2022-03-31,0.0,1940.0,10103.0,752.0,1326.0,3677.0,1034.0
2022-04-01,0.0,407.0,8941.0,63.0,1168.0,7781.0,1238.0
2022-04-02,0.0,924.0,6398.0,879.0,-255.0,2514.0,1046.0
2022-04-03,0.0,-2325.0,3204.0,1291.0,233.0,-698.0,690.0
2022-04-04,0.0,1024.0,7641.0,450.0,1750.0,10634.0,534.0
2022-04-05,0.0,1101.0,8806.0,644.0,859.0,3043.0,1226.0
2022-04-06,0.0,2292.0,10052.0,1656.0,1394.0,2967.0,990.0
2022-04-07,0.0,3603.0,11315.0,3397.0,2492.0,3475.0,611.0
2022-04-08,0.0,4146.0,12547.0,2468.0,3021.0,8080.0,649.0
2022-04-09,0.0,5079.0,8837.0,3761.0,2517.0,4664.0,637.0
2022-04-10,0.0,13300.0,15421.0,2732.0,2948.0,5881.0,252.0
2022-04-11,0.0,4225.0,10266.0,2383.0,3728.0,11303.0,173.0
2022-04-12,0.0,6325.0,15166.0,4750.0,4002.0,3634.0,359.0
2022-04-13,0.0,7927.0,17752.0,5955.0,5167.0,2642.0,14.0
2022-04-14,0.0,9841.0,21500.0,6383.0,4803.0,-3821.0,945.0
2022-04-15,0.0,6424.0,23343.0,2219.0,1103.0,-7337.0,4224.0
2022-04-16,0.0,-7051.0,551.0,4650.0,-673.0,-11283.0,2623.0
2022-04-17,0.0,-11639.0,-983.0,6859.0,-2895.0,-8543.0,-206.0
2022-04-18,0.0,-15145.0,-22719.0,7193.0,-3293.0,-32433.0,6415.0
2022-04-19,0.0,4403.0,7938.0,2849.0,4413.0,-5852.0,2204.0
2022-04-20,0.0,3959.0,9652.0,1931.0,3577.0,3024.0,1158.0
2022-04-21,0.0,5138.0,11482.0,3563.0,3434.0,3790.0,824.0
2022-04-22,0.0,5539.0,12133.0,4629.0,4075.0,8596.0,508.0
2022-04-23,0.0,5808.0,8111.0,9103.0,4681.0,6896.0,3.0
2022-04-24,0.0,12107.0,14091.0,6485.0,4169.0,5706.0,62.0
2022-04-25,0.0,3279.0,8101.0,2154.0,3642.0,11030.0,371.0
2022-04-26,0.0,4587.0,11758.0,3912.0,3396.0,4147.0,530.0
2022-04-27,0.0,5959.0,12919.0,4804.0,3804.0,4138.0,226.0
2022-04-28,0.0,6876.0,14170.0,5390.0,4519.0,4496.0,-46.0
2022-04-29,0.0,7967.0,18563.0,7464.0,6442.0,8842.0,-421.0
2022-04-30,0.0,7298.0,12931.0,12304.0,6916.0,4302.0,-777.0
2022-05-01,0.0,5134.0,6062.0,17050.0,4828.0,-1917.0,-555.0
2022-05-02,0.0,10045.0,14214.0,12248.0,2563.0,-15704.0,2077.0
2022-05-03,0.0,-6952.0,-19506.0,13272.0,-627.0,-31323.0,6457.0
2022-05-04,0.0,7511.0,16913.0,6003.0,4310.0,1478.0,374.0
2022-05-05,0.0,6670.0,14056.0,5083.0,3261.0,2316.0,507.0
2022-05-06,0.0,6641.0,14353.0,6713.0,3827.0,7199.0,312.0
2022-05-07,0.0,7012.0,10614.0,10458.0,5146.0,7835.0,-375.0
2022-05-08,0.0,6549.0,7976.0,13540.0,5512.0,4278.0,-383.0
2022-05-09,0.0,6358.0,11085.0,6217.0,5216.0,11358.0,-574.0
2022-05-10,0.0,7837.0,15102.0,7659.0,5169.0,4451.0,-357.0
2022-05-11,0.0,8058.0,15498.0,7493.0,5015.0,4394.0,-419.0
2022-05-12,0.0,8020.0,15209.0,6393.0,5051.0,4495.0,-296.0
2022-05-13,0.0,7815.0,15583.0,7455.0,6006.0,9140.0,-433.0
2022-05-14,0.0,7842.0,10926.0,10970.0,6157.0,6525.0,-637.0
2022-05-15,0.0,7608.0,8223.0,14463.0,7064.0,4312.0,-688.0
2022-05-16,0.0,6316.0,11213.0,6720.0,5848.0,11710.0,-772.0
2022-05-17,0.0,6164.0,13560.0,5455.0,4689.0,4452.0,-14.0
2022-05-18,0.0,7459.0,14236.0,7696.0,4985.0,4518.0,-325.0
2022-05-19,0.0,7336.0,14800.0,9003.0,5490.0,4604.0,-515.0
2022-05-20,0.0,7094.0,15271.0,9151.0,6372.0,8920.0,-592.0
2022-05-21,0.0,6028.0,9676.0,8427.0,4468.0,5392.0,-107.0
2022-05-22,0.0,4010.0,5575.0,8209.0,5077.0,2652.0,-78.0
2022-05-23,0.0,6220.0,11236.0,6554.0,6038.0,11779.0,-699.0
2022-05-24,0.0,6336.0,13352.0,5008.0,4620.0,2458.0,502.0
2022-05-25,0.0,7495.0,15290.0,4347.0,4444.0,2119.0,465.0
2022-05-26,0.0,10728.0,19650.0,7224.0,6671.0,2239.0,-455.0
2022-05-27,0.0,6452.0,14433.0,5087.0,5517.0,7602.0,209.0
2022-05-28,0.0,6195.0,9978.0,7788.0,4766.0,5414.0,-108.0
2022-05-29,0.0,5418.0,6031.0,10473.0,5869.0,3465.0,-277.0
2022-05-30,0.0,5030.0,10501.0,4452.0,5223.0,11387.0,-172.0
2022-05-31,0.0,7028.0,14458.0,7292.0,5458.0,4656.0,-308.0
2022-06-01,0.0,11083.0,15995.0,7477.0,5761.0,3528.0,-275.0
2022-06-02,0.0,7200.0,14242.0,7035.0,5116.0,3999.0,-109.0
2022-06-03,0.0,7532.0,15351.0,10112.0,6712.0,8613.0,-895.0
2022-06-04,0.0,6490.0,10913.0,11423.0,5726.0,6089.0,-609.0
2022-06-05,0.0,8288.0,8114.0,17517.0,7409.0,3861.0,-870.0
2022-06-06,0.0,6364.0,11900.0,7210.0,6934.0,10659.0,-618.0
2022-06-07,0.0,5760.0,13792.0,6575.0,5236.0,3889.0,39.0
2022-06-08,0.0,7025.0,15146.0,6707.0,5261.0,3762.0,-107.0
2022-06-09,0.0,7015.0,14752.0,6145.0,5555.0,3904.0,-15.0
2022-06-10,0.0,8857.0,16869.0,7943.0,7310.0,8481.0,-765.0
2022-06-11,0.0,8337.0,12130.0,13393.0,7708.0,7885.0,-1242.0
2022-06-12,0.0,7829.0,8380.0,16705.0,7964.0,5084.0,-817.0
2022-06-13,0.0,6128.0,11559.0,4989.0,6172.0,10234.0,-262.0
2022-06-14,0.0,8084.0,17301.0,6844.0,6292.0,3073.0,-137.0
2022-06-15,0.0,13018.0,31020.0,9315.0,9266.0,1461.0,-1972.0
2022-06-16,0.0,-7789.0,-16817.0,12928.0,-798.0,-30856.0,6405.0
2022-06-17,0.0,10949.0,21035.0,12864.0,4187.0,-11401.0,2276.0
2022-06-18,0.0,6377.0,10968.0,14300.0,6996.0,2426.0,-1035.0
2022-06-19,0.0,6502.0,7078.0,15319.0,9106.0,3140.0,-1168.0
2022-06-20,0.0,5396.0,11619.0,4480.0,6235.0,8706.0,-43.0
2022-06-21,0.0,7328.0,15672.0,6541.0,5345.0,1900.0,268.0
2022-06-22,0.0,8912.0,16846.0,8890.0,6247.0,2076.0,-257.0
2022-06-23,0.0,9901.0,19182.0,9293.0,5996.0,2187.0,-538.0
2022-06-24,0.0,9305.0,17490.0,10816.0,7144.0,7609.0,-714.0
2022-06-25,0.0,6400.0,11275.0,13234.0,7489.0,6930.0,-1264.0
2022-06-26,0.0,12409.0,15458.0,14996.0,7482.0,8200.0,-1090.0
2022-06-27,0.0,5769.0,11038.0,9109.0,6027.0,4521.0,-194.0
2022-06-28,0.0,6371.0,14953.0,8113.0,4524.0,-1836.0,718.0
2022-06-29,0.0,7737.0,15985.0,8678.0,5142.0,-1679.0,394.0
2022-06-30,0.0,7452.0,15841.0,8396.0,5169.0,-1673.0,417.0
2022-07-01,0.0,5969.0,15456.0,7652.0,4916.0,1199.0,695.0
2022-07-02,0.0,7344.0,12722.0,11484.0,7082.0,4656.0,-830.0
